{
  "id": "3487649",
  "name": "网易云音乐",
  "font_family": "iconfont",
  "css_prefix_text": "icon-",
  "description": "",
  "glyphs": [
    {
      "icon_id": "2613",
      "name": "阿里云",
      "font_class": "aliyun",
      "unicode": "e628",
      "unicode_decimal": 58920
    },
    {
      "icon_id": "57364",
      "name": "天猫-货票同行",
      "font_class": "tianmaohuopiaotongxing",
      "unicode": "e629",
      "unicode_decimal": 58921
    },
    {
      "icon_id": "107370",
      "name": "灯泡",
      "font_class": "bulb",
      "unicode": "e62a",
      "unicode_decimal": 58922
    },
    {
      "icon_id": "145738",
      "name": "信封_填充",
      "font_class": "xinfengtianchong",
      "unicode": "e69e",
      "unicode_decimal": 59038
    },
    {
      "icon_id": "577354",
      "name": "扫码",
      "font_class": "saoma",
      "unicode": "e749",
      "unicode_decimal": 59209
    },
    {
      "icon_id": "774436",
      "name": "关机",
      "font_class": "guanji",
      "unicode": "e654",
      "unicode_decimal": 58964
    },
    {
      "icon_id": "949558",
      "name": "购物车",
      "font_class": "gouwuche",
      "unicode": "e656",
      "unicode_decimal": 58966
    },
    {
      "icon_id": "989480",
      "name": "暂停",
      "font_class": "iconstop",
      "unicode": "e69d",
      "unicode_decimal": 59037
    },
    {
      "icon_id": "2076431",
      "name": "分享小",
      "font_class": "fenxiangxiao",
      "unicode": "e8d8",
      "unicode_decimal": 59608
    },
    {
      "icon_id": "4275554",
      "name": "彩铃",
      "font_class": "cailing",
      "unicode": "e62b",
      "unicode_decimal": 58923
    },
    {
      "icon_id": "6776386",
      "name": "声音_实体",
      "font_class": "shengyin_shiti",
      "unicode": "eca5",
      "unicode_decimal": 60581
    },
    {
      "icon_id": "8361753",
      "name": "T恤",
      "font_class": "Txu",
      "unicode": "e6b9",
      "unicode_decimal": 59065
    },
    {
      "icon_id": "9387200",
      "name": "51游戏机",
      "font_class": "youxiji",
      "unicode": "e62c",
      "unicode_decimal": 58924
    },
    {
      "icon_id": "11372694",
      "name": "设置",
      "font_class": "shezhi",
      "unicode": "e8b7",
      "unicode_decimal": 59575
    },
    {
      "icon_id": "12347638",
      "name": "秒表",
      "font_class": "miaobiao",
      "unicode": "e690",
      "unicode_decimal": 59024
    },
    {
      "icon_id": "16921558",
      "name": "设置",
      "font_class": "shezhi1",
      "unicode": "e7eb",
      "unicode_decimal": 59371
    },
    {
      "icon_id": "18127136",
      "name": "游戏机",
      "font_class": "youxiji1",
      "unicode": "e62d",
      "unicode_decimal": 58925
    },
    {
      "icon_id": "18661940",
      "name": "前进",
      "font_class": "hanhan-01-01",
      "unicode": "e6bb",
      "unicode_decimal": 59067
    },
    {
      "icon_id": "18661943",
      "name": "后退",
      "font_class": "hanhan-01-011",
      "unicode": "e6bc",
      "unicode_decimal": 59068
    },
    {
      "icon_id": "28193232",
      "name": "月亮",
      "font_class": "yueliang",
      "unicode": "e62e",
      "unicode_decimal": 58926
    },
    {
      "icon_id": "1304897",
      "name": "左箭头",
      "font_class": "zuojiantou",
      "unicode": "e625",
      "unicode_decimal": 58917
    },
    {
      "icon_id": "1727447",
      "name": "216更多-竖向",
      "font_class": "gengduo-shuxiang",
      "unicode": "e8c4",
      "unicode_decimal": 59588
    },
    {
      "icon_id": "2570137",
      "name": "选择-多选",
      "font_class": "xuanze-duoxuan-tianchong",
      "unicode": "e65f",
      "unicode_decimal": 58975
    },
    {
      "icon_id": "11134481",
      "name": "多选框",
      "font_class": "duoxuankuang",
      "unicode": "e624",
      "unicode_decimal": 58916
    },
    {
      "icon_id": "11352856",
      "name": "30show_多选",
      "font_class": "show_duoxuan",
      "unicode": "e626",
      "unicode_decimal": 58918
    },
    {
      "icon_id": "1159912",
      "name": "音符",
      "font_class": "yinfu",
      "unicode": "e630",
      "unicode_decimal": 58928
    },
    {
      "icon_id": "1718323",
      "name": "更多",
      "font_class": "gengduo",
      "unicode": "e623",
      "unicode_decimal": 58915
    },
    {
      "icon_id": "3854393",
      "name": "音乐",
      "font_class": "yinle",
      "unicode": "e66e",
      "unicode_decimal": 58990
    },
    {
      "icon_id": "6119215",
      "name": "右-三角",
      "font_class": "right-s",
      "unicode": "e627",
      "unicode_decimal": 58919
    },
    {
      "icon_id": "6874516",
      "name": "向右三角形",
      "font_class": "xiangyousanjiaoxing",
      "unicode": "e70f",
      "unicode_decimal": 59151
    },
    {
      "icon_id": "8106252",
      "name": "music",
      "font_class": "music",
      "unicode": "e69f",
      "unicode_decimal": 59039
    },
    {
      "icon_id": "11372718",
      "name": "我的关注",
      "font_class": "wodeguanzhu",
      "unicode": "e8bc",
      "unicode_decimal": 59580
    },
    {
      "icon_id": "23719830",
      "name": "无线电波",
      "font_class": "wuxiandianbo-copy",
      "unicode": "e652",
      "unicode_decimal": 58962
    },
    {
      "icon_id": "629357",
      "name": "搜索",
      "font_class": "sousuo",
      "unicode": "e651",
      "unicode_decimal": 58961
    },
    {
      "icon_id": "1110454",
      "name": "暂停",
      "font_class": "zanting",
      "unicode": "e632",
      "unicode_decimal": 58930
    },
    {
      "icon_id": "1149403",
      "name": "排行榜",
      "font_class": "paixingbang",
      "unicode": "e6c5",
      "unicode_decimal": 59077
    },
    {
      "icon_id": "1473446",
      "name": "话筒",
      "font_class": "huatong",
      "unicode": "e67e",
      "unicode_decimal": 59006
    },
    {
      "icon_id": "1718319",
      "name": "日历1",
      "font_class": "rili",
      "unicode": "e600",
      "unicode_decimal": 58880
    },
    {
      "icon_id": "1718322",
      "name": "日历2",
      "font_class": "rili1",
      "unicode": "e601",
      "unicode_decimal": 58881
    },
    {
      "icon_id": "1718324",
      "name": "日历4",
      "font_class": "rili2",
      "unicode": "e602",
      "unicode_decimal": 58882
    },
    {
      "icon_id": "1718325",
      "name": "日历3",
      "font_class": "rili3",
      "unicode": "e603",
      "unicode_decimal": 58883
    },
    {
      "icon_id": "1718326",
      "name": "日历5",
      "font_class": "rili4",
      "unicode": "e604",
      "unicode_decimal": 58884
    },
    {
      "icon_id": "1718327",
      "name": "日历7",
      "font_class": "rili5",
      "unicode": "e605",
      "unicode_decimal": 58885
    },
    {
      "icon_id": "1718328",
      "name": "日历8",
      "font_class": "rili6",
      "unicode": "e606",
      "unicode_decimal": 58886
    },
    {
      "icon_id": "1718329",
      "name": "日历11",
      "font_class": "rili7",
      "unicode": "e607",
      "unicode_decimal": 58887
    },
    {
      "icon_id": "1718330",
      "name": "日历9",
      "font_class": "rili8",
      "unicode": "e608",
      "unicode_decimal": 58888
    },
    {
      "icon_id": "1718331",
      "name": "日历12",
      "font_class": "rili9",
      "unicode": "e609",
      "unicode_decimal": 58889
    },
    {
      "icon_id": "1718332",
      "name": "日历10",
      "font_class": "rili10",
      "unicode": "e60a",
      "unicode_decimal": 58890
    },
    {
      "icon_id": "1718333",
      "name": "日历13",
      "font_class": "rili11",
      "unicode": "e60b",
      "unicode_decimal": 58891
    },
    {
      "icon_id": "1718334",
      "name": "日历14",
      "font_class": "rili12",
      "unicode": "e60c",
      "unicode_decimal": 58892
    },
    {
      "icon_id": "1718335",
      "name": "日历6",
      "font_class": "rili13",
      "unicode": "e60d",
      "unicode_decimal": 58893
    },
    {
      "icon_id": "1718336",
      "name": "日历15",
      "font_class": "rili14",
      "unicode": "e60e",
      "unicode_decimal": 58894
    },
    {
      "icon_id": "1718337",
      "name": "日历17",
      "font_class": "rili15",
      "unicode": "e60f",
      "unicode_decimal": 58895
    },
    {
      "icon_id": "1718338",
      "name": "日历16",
      "font_class": "rili16",
      "unicode": "e610",
      "unicode_decimal": 58896
    },
    {
      "icon_id": "1718339",
      "name": "日历18",
      "font_class": "rili17",
      "unicode": "e611",
      "unicode_decimal": 58897
    },
    {
      "icon_id": "1718340",
      "name": "日历19",
      "font_class": "rili18",
      "unicode": "e612",
      "unicode_decimal": 58898
    },
    {
      "icon_id": "1718341",
      "name": "日历21",
      "font_class": "rili19",
      "unicode": "e613",
      "unicode_decimal": 58899
    },
    {
      "icon_id": "1718342",
      "name": "日历20",
      "font_class": "rili20",
      "unicode": "e614",
      "unicode_decimal": 58900
    },
    {
      "icon_id": "1718343",
      "name": "日历24",
      "font_class": "rili21",
      "unicode": "e615",
      "unicode_decimal": 58901
    },
    {
      "icon_id": "1718344",
      "name": "日历22",
      "font_class": "rili22",
      "unicode": "e616",
      "unicode_decimal": 58902
    },
    {
      "icon_id": "1718345",
      "name": "日历25",
      "font_class": "rili23",
      "unicode": "e617",
      "unicode_decimal": 58903
    },
    {
      "icon_id": "1718346",
      "name": "日历23",
      "font_class": "rili24",
      "unicode": "e618",
      "unicode_decimal": 58904
    },
    {
      "icon_id": "1718347",
      "name": "日历27",
      "font_class": "rili25",
      "unicode": "e619",
      "unicode_decimal": 58905
    },
    {
      "icon_id": "1718348",
      "name": "日历26",
      "font_class": "rili26",
      "unicode": "e61a",
      "unicode_decimal": 58906
    },
    {
      "icon_id": "1718349",
      "name": "日历29",
      "font_class": "rili27",
      "unicode": "e61b",
      "unicode_decimal": 58907
    },
    {
      "icon_id": "1718350",
      "name": "日历28",
      "font_class": "rili28",
      "unicode": "e61c",
      "unicode_decimal": 58908
    },
    {
      "icon_id": "1718352",
      "name": "日历31",
      "font_class": "rili29",
      "unicode": "e61d",
      "unicode_decimal": 58909
    },
    {
      "icon_id": "1718354",
      "name": "日历30",
      "font_class": "rili30",
      "unicode": "e61e",
      "unicode_decimal": 58910
    },
    {
      "icon_id": "1766323",
      "name": "实物-书",
      "font_class": "shu",
      "unicode": "e68b",
      "unicode_decimal": 59019
    },
    {
      "icon_id": "3092114",
      "name": "排行榜",
      "font_class": "paihangbang",
      "unicode": "e782",
      "unicode_decimal": 59266
    },
    {
      "icon_id": "3216574",
      "name": "话筒",
      "font_class": "huatong1",
      "unicode": "e67d",
      "unicode_decimal": 59005
    },
    {
      "icon_id": "4686545",
      "name": "刷新",
      "font_class": "shuaxin",
      "unicode": "ec08",
      "unicode_decimal": 60424
    },
    {
      "icon_id": "6540838",
      "name": "列表",
      "font_class": "liebiao",
      "unicode": "e61f",
      "unicode_decimal": 58911
    },
    {
      "icon_id": "7594051",
      "name": "24gl-playCircle",
      "font_class": "24gl-playCircle",
      "unicode": "ea6e",
      "unicode_decimal": 60014
    },
    {
      "icon_id": "7594157",
      "name": "24gf-playCircle",
      "font_class": "24gf-playCircle",
      "unicode": "ea82",
      "unicode_decimal": 60034
    },
    {
      "icon_id": "7594158",
      "name": "24gf-playlist",
      "font_class": "24gf-playlist",
      "unicode": "ea83",
      "unicode_decimal": 60035
    },
    {
      "icon_id": "9080602",
      "name": "book",
      "font_class": "book",
      "unicode": "e659",
      "unicode_decimal": 58969
    },
    {
      "icon_id": "11391498",
      "name": "歌单",
      "font_class": "gedan",
      "unicode": "e636",
      "unicode_decimal": 58934
    },
    {
      "icon_id": "12858365",
      "name": "电台",
      "font_class": "diantai",
      "unicode": "e620",
      "unicode_decimal": 58912
    },
    {
      "icon_id": "14720513",
      "name": "歌单",
      "font_class": "gedan1",
      "unicode": "e621",
      "unicode_decimal": 58913
    },
    {
      "icon_id": "22727819",
      "name": "收音机",
      "font_class": "a-tupianyihuifu-05",
      "unicode": "e622",
      "unicode_decimal": 58914
    },
    {
      "icon_id": "29522559",
      "name": "6A话筒",
      "font_class": "a-6Ahuatong",
      "unicode": "e671",
      "unicode_decimal": 58993
    }
  ]
}
