{
  "id": "3487649",
  "name": "网易云音乐",
  "font_family": "iconfont",
  "css_prefix_text": "icon-",
  "description": "",
  "glyphs": [
    {
      "icon_id": "629357",
      "name": "搜索",
      "font_class": "sousuo",
      "unicode": "e651",
      "unicode_decimal": 58961
    },
    {
      "icon_id": "1110454",
      "name": "暂停",
      "font_class": "zanting",
      "unicode": "e632",
      "unicode_decimal": 58930
    },
    {
      "icon_id": "1149403",
      "name": "排行榜",
      "font_class": "paixingbang",
      "unicode": "e6c5",
      "unicode_decimal": 59077
    },
    {
      "icon_id": "1473446",
      "name": "话筒",
      "font_class": "huatong",
      "unicode": "e67e",
      "unicode_decimal": 59006
    },
    {
      "icon_id": "1718319",
      "name": "日历1",
      "font_class": "rili",
      "unicode": "e600",
      "unicode_decimal": 58880
    },
    {
      "icon_id": "1718322",
      "name": "日历2",
      "font_class": "rili1",
      "unicode": "e601",
      "unicode_decimal": 58881
    },
    {
      "icon_id": "1718324",
      "name": "日历4",
      "font_class": "rili2",
      "unicode": "e602",
      "unicode_decimal": 58882
    },
    {
      "icon_id": "1718325",
      "name": "日历3",
      "font_class": "rili3",
      "unicode": "e603",
      "unicode_decimal": 58883
    },
    {
      "icon_id": "1718326",
      "name": "日历5",
      "font_class": "rili4",
      "unicode": "e604",
      "unicode_decimal": 58884
    },
    {
      "icon_id": "1718327",
      "name": "日历7",
      "font_class": "rili5",
      "unicode": "e605",
      "unicode_decimal": 58885
    },
    {
      "icon_id": "1718328",
      "name": "日历8",
      "font_class": "rili6",
      "unicode": "e606",
      "unicode_decimal": 58886
    },
    {
      "icon_id": "1718329",
      "name": "日历11",
      "font_class": "rili7",
      "unicode": "e607",
      "unicode_decimal": 58887
    },
    {
      "icon_id": "1718330",
      "name": "日历9",
      "font_class": "rili8",
      "unicode": "e608",
      "unicode_decimal": 58888
    },
    {
      "icon_id": "1718331",
      "name": "日历12",
      "font_class": "rili9",
      "unicode": "e609",
      "unicode_decimal": 58889
    },
    {
      "icon_id": "1718332",
      "name": "日历10",
      "font_class": "rili10",
      "unicode": "e60a",
      "unicode_decimal": 58890
    },
    {
      "icon_id": "1718333",
      "name": "日历13",
      "font_class": "rili11",
      "unicode": "e60b",
      "unicode_decimal": 58891
    },
    {
      "icon_id": "1718334",
      "name": "日历14",
      "font_class": "rili12",
      "unicode": "e60c",
      "unicode_decimal": 58892
    },
    {
      "icon_id": "1718335",
      "name": "日历6",
      "font_class": "rili13",
      "unicode": "e60d",
      "unicode_decimal": 58893
    },
    {
      "icon_id": "1718336",
      "name": "日历15",
      "font_class": "rili14",
      "unicode": "e60e",
      "unicode_decimal": 58894
    },
    {
      "icon_id": "1718337",
      "name": "日历17",
      "font_class": "rili15",
      "unicode": "e60f",
      "unicode_decimal": 58895
    },
    {
      "icon_id": "1718338",
      "name": "日历16",
      "font_class": "rili16",
      "unicode": "e610",
      "unicode_decimal": 58896
    },
    {
      "icon_id": "1718339",
      "name": "日历18",
      "font_class": "rili17",
      "unicode": "e611",
      "unicode_decimal": 58897
    },
    {
      "icon_id": "1718340",
      "name": "日历19",
      "font_class": "rili18",
      "unicode": "e612",
      "unicode_decimal": 58898
    },
    {
      "icon_id": "1718341",
      "name": "日历21",
      "font_class": "rili19",
      "unicode": "e613",
      "unicode_decimal": 58899
    },
    {
      "icon_id": "1718342",
      "name": "日历20",
      "font_class": "rili20",
      "unicode": "e614",
      "unicode_decimal": 58900
    },
    {
      "icon_id": "1718343",
      "name": "日历24",
      "font_class": "rili21",
      "unicode": "e615",
      "unicode_decimal": 58901
    },
    {
      "icon_id": "1718344",
      "name": "日历22",
      "font_class": "rili22",
      "unicode": "e616",
      "unicode_decimal": 58902
    },
    {
      "icon_id": "1718345",
      "name": "日历25",
      "font_class": "rili23",
      "unicode": "e617",
      "unicode_decimal": 58903
    },
    {
      "icon_id": "1718346",
      "name": "日历23",
      "font_class": "rili24",
      "unicode": "e618",
      "unicode_decimal": 58904
    },
    {
      "icon_id": "1718347",
      "name": "日历27",
      "font_class": "rili25",
      "unicode": "e619",
      "unicode_decimal": 58905
    },
    {
      "icon_id": "1718348",
      "name": "日历26",
      "font_class": "rili26",
      "unicode": "e61a",
      "unicode_decimal": 58906
    },
    {
      "icon_id": "1718349",
      "name": "日历29",
      "font_class": "rili27",
      "unicode": "e61b",
      "unicode_decimal": 58907
    },
    {
      "icon_id": "1718350",
      "name": "日历28",
      "font_class": "rili28",
      "unicode": "e61c",
      "unicode_decimal": 58908
    },
    {
      "icon_id": "1718352",
      "name": "日历31",
      "font_class": "rili29",
      "unicode": "e61d",
      "unicode_decimal": 58909
    },
    {
      "icon_id": "1718354",
      "name": "日历30",
      "font_class": "rili30",
      "unicode": "e61e",
      "unicode_decimal": 58910
    },
    {
      "icon_id": "1766323",
      "name": "实物-书",
      "font_class": "shu",
      "unicode": "e68b",
      "unicode_decimal": 59019
    },
    {
      "icon_id": "3092114",
      "name": "排行榜",
      "font_class": "paihangbang",
      "unicode": "e782",
      "unicode_decimal": 59266
    },
    {
      "icon_id": "3216574",
      "name": "话筒",
      "font_class": "huatong1",
      "unicode": "e67d",
      "unicode_decimal": 59005
    },
    {
      "icon_id": "4686545",
      "name": "刷新",
      "font_class": "shuaxin",
      "unicode": "ec08",
      "unicode_decimal": 60424
    },
    {
      "icon_id": "6540838",
      "name": "列表",
      "font_class": "liebiao",
      "unicode": "e61f",
      "unicode_decimal": 58911
    },
    {
      "icon_id": "7594051",
      "name": "24gl-playCircle",
      "font_class": "24gl-playCircle",
      "unicode": "ea6e",
      "unicode_decimal": 60014
    },
    {
      "icon_id": "7594157",
      "name": "24gf-playCircle",
      "font_class": "24gf-playCircle",
      "unicode": "ea82",
      "unicode_decimal": 60034
    },
    {
      "icon_id": "7594158",
      "name": "24gf-playlist",
      "font_class": "24gf-playlist",
      "unicode": "ea83",
      "unicode_decimal": 60035
    },
    {
      "icon_id": "9080602",
      "name": "book",
      "font_class": "book",
      "unicode": "e659",
      "unicode_decimal": 58969
    },
    {
      "icon_id": "11391498",
      "name": "歌单",
      "font_class": "gedan",
      "unicode": "e636",
      "unicode_decimal": 58934
    },
    {
      "icon_id": "12858365",
      "name": "电台",
      "font_class": "diantai",
      "unicode": "e620",
      "unicode_decimal": 58912
    },
    {
      "icon_id": "14720513",
      "name": "歌单",
      "font_class": "gedan1",
      "unicode": "e621",
      "unicode_decimal": 58913
    },
    {
      "icon_id": "22727819",
      "name": "收音机",
      "font_class": "a-tupianyihuifu-05",
      "unicode": "e622",
      "unicode_decimal": 58914
    },
    {
      "icon_id": "29522559",
      "name": "6A话筒",
      "font_class": "a-6Ahuatong",
      "unicode": "e671",
      "unicode_decimal": 58993
    }
  ]
}
